{
  "train_idx": [
    26,
    111,
    81,
    55,
    44,
    96,
    80,
    125,
    114,
    62,
    45,
    4,
    18,
    95,
    36,
    94,
    19,
    120,
    10,
    40,
    11,
    98,
    104,
    77,
    0,
    78,
    68,
    69,
    12,
    42,
    31,
    27,
    24,
    93,
    110,
    91,
    15,
    76,
    22,
    47,
    64,
    105,
    30,
    83,
    66,
    9,
    33,
    65,
    25,
    73,
    28,
    56,
    124,
    53,
    5,
    67,
    97,
    39,
    49,
    35,
    16,
    70,
    34,
    84,
    7,
    43,
    121,
    118,
    107,
    8,
    13,
    89,
    3,
    17,
    38,
    72,
    112,
    6,
    117,
    109,
    101,
    54,
    50,
    85,
    46,
    116,
    61,
    123,
    79,
    100,
    41,
    58,
    90,
    48,
    88,
    108,
    57,
    75,
    32,
    119,
    59
  ],
  "val_idx": [
    63,
    122,
    37,
    29,
    113,
    1,
    52,
    21,
    2,
    23,
    103,
    99,
    87,
    115,
    74,
    86,
    82,
    126,
    20,
    60,
    71,
    106,
    14,
    92,
    51,
    102
  ],
  "class_weights": [
    0.7215909090909091,
    1.6282051282051282
  ],
  "label_map": {
    "normal": 0,
    "fault": 1
  }
}